claim_id,policy_id,customer_id,claim_type,claim_amount_inr,status,claim_date
CLM00001,POL00001,CUST0001,Accident,136292,Denied,2025-05-01
CLM00002,POL00002,CUST0001,Theft,169315,Approved,2025-09-18
CLM00003,POL00002,CUST0001,Natural Disaster,183514,Denied,2025-11-20
CLM00004,POL00005,CUST0003,Accident,178963,Pending,2025-10-02
CLM00005,POL00008,CUST0004,Accident,101696,Under Review,2026-07-25
CLM00006,POL00009,CUST0005,Natural Disaster,191157,Pending,2024-05-22
CLM00007,POL00009,CUST0005,Theft,115568,Under Review,2024-09-21
CLM00008,POL00012,CUST0008,Accident,135486,Under Review,2025-08-15
CLM00009,POL00013,CUST0008,Medical,155817,Pending,2024-02-10
CLM00010,POL00014,CUST0008,Accident,183248,Approved,2025-02-18
CLM00011,POL00016,CUST0009,Theft,129635,Denied,2026-08-18
CLM00012,POL00017,CUST0009,Medical,60647,Approved,2025-07-15
CLM00013,POL00018,CUST0010,Accident,7445,Approved,2025-10-03
CLM00014,POL00018,CUST0010,Accident,62211,Denied,2025-12-01
CLM00015,POL00019,CUST0011,Fire,193573,Approved,2024-05-12
CLM00016,POL00019,CUST0011,Theft,18143,Approved,2025-08-05
CLM00017,POL00021,CUST0011,Accident,81845,Under Review,2025-12-12
CLM00018,POL00022,CUST0012,Fire,18804,Approved,2025-12-27
CLM00019,POL00023,CUST0012,Natural Disaster,25887,Approved,2024-01-12
CLM00020,POL00026,CUST0014,Medical,164632,Under Review,2026-09-07
CLM00021,POL00029,CUST0016,Theft,42986,Approved,2025-03-25
CLM00022,POL00030,CUST0016,Theft,170073,Approved,2024-04-29
CLM00023,POL00030,CUST0016,Medical,123687,Approved,2026-04-01
CLM00024,POL00031,CUST0017,Fire,81647,Pending,2026-03-14
CLM00025,POL00031,CUST0017,Natural Disaster,92042,Approved,2024-10-13
CLM00026,POL00032,CUST0018,Theft,162584,Under Review,2026-01-13
CLM00027,POL00032,CUST0018,Medical,69516,Approved,2026-05-02
CLM00028,POL00034,CUST0018,Theft,123297,Pending,2025-09-08
CLM00029,POL00039,CUST0023,Accident,80634,Pending,2026-04-15
CLM00030,POL00040,CUST0024,Natural Disaster,43534,Under Review,2026-04-11
CLM00031,POL00042,CUST0024,Medical,95925,Denied,2026-04-06
CLM00032,POL00042,CUST0024,Natural Disaster,132077,Approved,2025-07-01
CLM00033,POL00043,CUST0025,Theft,86125,Pending,2024-07-24
CLM00034,POL00044,CUST0026,Theft,71777,Approved,2025-11-24
CLM00035,POL00045,CUST0027,Medical,146705,Pending,2024-01-10
CLM00036,POL00047,CUST0028,Medical,156936,Approved,2026-03-01
CLM00037,POL00048,CUST0029,Natural Disaster,89146,Under Review,2024-09-22
CLM00038,POL00050,CUST0030,Accident,52367,Approved,2024-07-12
CLM00039,POL00051,CUST0031,Natural Disaster,99081,Approved,2024-10-23
CLM00040,POL00053,CUST0032,Medical,103052,Approved,2024-06-01
CLM00041,POL00054,CUST0033,Accident,45935,Denied,2025-01-15
CLM00042,POL00054,CUST0033,Fire,78543,Denied,2024-11-19
CLM00043,POL00055,CUST0033,Theft,153235,Approved,2024-01-22
CLM00044,POL00057,CUST0035,Fire,116660,Under Review,2024-09-24
CLM00045,POL00060,CUST0036,Fire,14927,Under Review,2025-09-15
CLM00046,POL00062,CUST0037,Accident,14125,Approved,2025-01-22
CLM00047,POL00062,CUST0037,Medical,132620,Approved,2025-07-24
CLM00048,POL00063,CUST0037,Natural Disaster,172730,Under Review,2026-07-20
CLM00049,POL00063,CUST0037,Accident,72421,Under Review,2025-02-10
CLM00050,POL00067,CUST0040,Medical,46871,Approved,2025-06-02
CLM00051,POL00067,CUST0040,Theft,50121,Under Review,2025-01-14
CLM00052,POL00071,CUST0042,Accident,72607,Approved,2026-07-15
CLM00053,POL00071,CUST0042,Medical,19619,Denied,2026-03-16
CLM00054,POL00076,CUST0044,Accident,128397,Denied,2025-08-26
CLM00055,POL00084,CUST0048,Theft,14440,Approved,2024-01-13
CLM00056,POL00086,CUST0049,Fire,41637,Under Review,2024-03-20
CLM00057,POL00087,CUST0049,Medical,10697,Approved,2026-09-07
CLM00058,POL00088,CUST0049,Fire,66310,Under Review,2025-04-08
CLM00059,POL00090,CUST0050,Accident,52248,Approved,2024-05-26
CLM00060,POL00091,CUST0051,Medical,44162,Under Review,2025-07-20
CLM00061,POL00096,CUST0055,Fire,133714,Pending,2024-12-08
CLM00062,POL00101,CUST0058,Theft,151785,Under Review,2025-10-08
CLM00063,POL00107,CUST0062,Accident,107274,Under Review,2024-09-01
CLM00064,POL00107,CUST0062,Theft,20068,Approved,2024-10-23
CLM00065,POL00108,CUST0063,Accident,120896,Approved,2024-10-27
CLM00066,POL00109,CUST0064,Medical,5504,Denied,2024-12-15
CLM00067,POL00110,CUST0064,Theft,99397,Denied,2026-08-24
CLM00068,POL00112,CUST0065,Theft,41195,Approved,2024-08-11
CLM00069,POL00112,CUST0065,Theft,191546,Approved,2026-05-13
CLM00070,POL00114,CUST0067,Natural Disaster,196587,Approved,2026-04-28
CLM00071,POL00118,CUST0071,Theft,157812,Denied,2025-12-25
CLM00072,POL00121,CUST0072,Accident,140910,Approved,2025-06-16
CLM00073,POL00122,CUST0073,Medical,28679,Approved,2024-12-09
CLM00074,POL00124,CUST0075,Fire,70100,Approved,2025-05-03
CLM00075,POL00124,CUST0075,Fire,14613,Denied,2024-07-09
CLM00076,POL00127,CUST0076,Medical,140168,Approved,2024-01-05
CLM00077,POL00131,CUST0078,Medical,156076,Approved,2026-07-23
CLM00078,POL00132,CUST0079,Accident,196613,Approved,2024-03-03
CLM00079,POL00134,CUST0081,Theft,10423,Pending,2025-06-27
CLM00080,POL00137,CUST0083,Fire,150584,Approved,2024-06-20
CLM00081,POL00138,CUST0084,Theft,73529,Approved,2024-01-31
CLM00082,POL00140,CUST0085,Theft,189194,Approved,2025-08-13
CLM00083,POL00147,CUST0089,Accident,36861,Approved,2026-02-18
CLM00084,POL00150,CUST0091,Natural Disaster,126124,Approved,2026-05-31
CLM00085,POL00151,CUST0091,Accident,171459,Under Review,2024-06-17
CLM00086,POL00154,CUST0092,Accident,100225,Approved,2025-06-22
CLM00087,POL00159,CUST0094,Fire,110012,Under Review,2026-04-03
CLM00088,POL00159,CUST0094,Fire,140626,Denied,2026-05-17
CLM00089,POL00161,CUST0095,Medical,178832,Approved,2024-12-27
CLM00090,POL00162,CUST0095,Theft,23157,Approved,2025-01-08
CLM00091,POL00165,CUST0098,Medical,123942,Approved,2024-08-18
CLM00092,POL00166,CUST0098,Accident,14010,Under Review,2026-04-08
CLM00093,POL00167,CUST0099,Natural Disaster,76678,Approved,2025-09-27
CLM00094,POL00167,CUST0099,Accident,167859,Denied,2025-10-05
CLM00095,POL00177,CUST0102,Fire,27144,Denied,2026-08-01
CLM00096,POL00177,CUST0102,Theft,120337,Denied,2025-04-22
CLM00097,POL00185,CUST0107,Natural Disaster,63095,Approved,2026-05-09
CLM00098,POL00186,CUST0108,Fire,125817,Denied,2024-07-25
CLM00099,POL00187,CUST0109,Medical,86396,Denied,2024-11-06
CLM00100,POL00187,CUST0109,Theft,54493,Approved,2024-02-01
CLM00101,POL00188,CUST0109,Medical,8113,Under Review,2025-01-27
CLM00102,POL00189,CUST0110,Theft,89922,Under Review,2024-06-15
CLM00103,POL00189,CUST0110,Fire,79663,Approved,2025-07-24
CLM00104,POL00190,CUST0111,Accident,46567,Approved,2024-08-09
CLM00105,POL00190,CUST0111,Fire,120339,Approved,2025-07-18
CLM00106,POL00191,CUST0111,Medical,97828,Approved,2025-06-13
CLM00107,POL00192,CUST0112,Theft,114248,Denied,2024-04-21
CLM00108,POL00195,CUST0114,Fire,140729,Denied,2025-09-23
CLM00109,POL00197,CUST0115,Medical,75433,Pending,2026-08-02
CLM00110,POL00197,CUST0115,Theft,113274,Denied,2026-03-14
CLM00111,POL00198,CUST0116,Natural Disaster,158573,Approved,2024-01-05
CLM00112,POL00198,CUST0116,Natural Disaster,44225,Approved,2024-04-30
CLM00113,POL00200,CUST0118,Accident,104499,Denied,2026-06-12
CLM00114,POL00201,CUST0119,Fire,81786,Approved,2025-12-10
CLM00115,POL00201,CUST0119,Natural Disaster,161085,Approved,2024-12-27
CLM00116,POL00204,CUST0120,Medical,121400,Under Review,2026-05-19
