customer_id,name,age,city,segment,tenure_years,join_date,email,phone
CUST0001,Matthew Rana,31,Srinagar,Standard,6,2020-09-19,paudalbir@example.net,+910166131860
CUST0002,Udant Bhatia,26,Dhanbad,Premium,1,2025-09-18,chakradhardeol@example.com,02819482199
CUST0003,Kashish Chatterjee,45,Phusro,Premium,2,2024-09-18,jhawatika@example.net,6579754323
CUST0004,Charita Vohra,35,Tiruvottiyur,Standard,9,2017-09-20,mmani@example.org,+918625276018
CUST0005,Harini Palla,48,Adoni,Standard,7,2019-09-20,fbiswas@example.com,01049746507
CUST0006,Om Dada,57,Allahabad,Standard,2,2024-09-18,bhavnadayal@example.net,+916671276842
CUST0007,Arya Sagar,29,Nadiad,High-Value,10,2016-09-20,matthewbutala@example.org,+913307924402
CUST0008,Kala Nagar,62,Kottayam,Premium,11,2015-09-21,shanmanya@example.com,06176031372
CUST0009,Harini Ben,58,Mumbai,Premium,1,2025-09-18,harrisonpatla@example.net,+911396245957
CUST0010,Jack Sura,36,Nangloi Jat,Standard,1,2025-09-18,fmuni@example.org,+915472803852
CUST0011,Chanchal Chand,40,Kadapa,Standard,3,2023-09-19,oliver53@example.net,8539336338
CUST0012,Ishani Balakrishnan,29,Parbhani,Premium,9,2017-09-20,mlad@example.net,5755131373
CUST0013,Samarth Subramanian,65,Nangloi Jat,Standard,9,2017-09-20,frado16@example.net,+917265167612
CUST0014,Joshua Bala,58,Gudivada,Premium,10,2016-09-20,ndhingra@example.net,05288200182
CUST0015,Robert Kakar,28,Chandrapur,Premium,6,2020-09-19,brindathaker@example.org,5486205798
CUST0016,Yachana De,58,Loni,Standard,2,2024-09-18,sarrafqadim@example.net,+912227918058
CUST0017,Hitesh Bhandari,53,Jhansi,Premium,4,2022-09-19,brijesh18@example.com,0175989834
CUST0018,Yashoda Walla,42,Guna,Standard,7,2019-09-20,aashijain@example.com,+916167513613
CUST0019,Jason Dubey,45,Asansol,Standard,8,2018-09-20,laksh73@example.net,+916723268656
CUST0020,Ishanvi Nagar,66,Ambarnath,Premium,3,2023-09-19,nigamtara@example.com,0658948113
CUST0021,Frado Lanka,58,Thane,Standard,2,2024-09-18,anamikadayal@example.com,4628897514
CUST0022,Qadim Sandal,43,Agartala,Premium,8,2018-09-20,chakrabartiabha@example.org,3141705864
CUST0023,Caleb Vyas,60,Bhubaneswar,High-Value,5,2021-09-19,adwetabedi@example.org,+914483478245
CUST0024,Zashil Bansal,54,Surat,Standard,2,2024-09-18,yoshitasoman@example.org,01678684335
CUST0025,Logan Ravel,31,Meerut,High-Value,6,2020-09-19,akshaybobal@example.net,4620168493
CUST0026,Chakradev Sharaf,24,Sangli-Miraj & Kupwad,High-Value,7,2019-09-20,sanaya04@example.com,08530435205
CUST0027,Fiyaz Soman,57,Ambala,Premium,2,2024-09-18,yuvrajthaman@example.org,+914126906044
CUST0028,Frado Wadhwa,43,Kavali,Premium,6,2020-09-19,unanda@example.com,+914920868288
CUST0029,Victor Chada,53,Kalyan-Dombivli,Premium,10,2016-09-20,jalsacheema@example.com,08008374071
CUST0030,Dominic Som,26,Aurangabad,Premium,8,2018-09-20,wahab33@example.net,7761740931
CUST0031,Garima Kumar,52,Tezpur,Premium,5,2021-09-19,adviksubramaniam@example.org,04137484777
CUST0032,Ryan Muni,25,Bhalswa Jahangir Pur,Premium,2,2024-09-18,manntara@example.org,7463319128
CUST0033,Jagvi Deo,63,Gorakhpur,Premium,5,2021-09-19,vihaan77@example.com,+912077642656
CUST0034,Jai Narula,50,Anantapur,Standard,11,2015-09-21,mitali13@example.net,+914451669156
CUST0035,Chanakya Mand,64,Faridabad,Standard,7,2019-09-20,manthan34@example.com,5356068831
CUST0036,Nirja Seshadri,44,Baranagar,Standard,8,2018-09-20,jbawa@example.org,+917654444634
CUST0037,Meera Dar,53,Nanded,Standard,2,2024-09-18,johalxiti@example.com,3757628331
CUST0038,Hema Chand,30,Mathura,Premium,5,2021-09-19,aarna93@example.org,6668364507
CUST0039,Jagvi Dass,47,Tiruchirappalli,High-Value,7,2019-09-20,yuvraj66@example.net,06402067970
CUST0040,Mahika Wable,27,Sultan Pur Majra,Standard,8,2018-09-20,ikbalkapur@example.org,+918171800239
CUST0041,Daksha Dave,57,Dehri,Standard,7,2019-09-20,gchoudhury@example.org,08936439008
CUST0042,Triveni Mallick,49,Latur,High-Value,3,2023-09-19,pvora@example.net,+910640037614
CUST0043,Panini Prabhakar,67,Kumbakonam,Standard,5,2021-09-19,nigamosha@example.com,6304813734
CUST0044,Vihaan Shroff,65,Bilaspur,High-Value,6,2020-09-19,ikbal97@example.net,+913760926030
CUST0045,Ojasvi Ben,31,Udaipur,Standard,4,2022-09-19,tsengupta@example.com,1125328704
CUST0046,Kashvi Narula,36,Gulbarga,Premium,3,2023-09-19,agatefarhan@example.com,+915618365461
CUST0047,Urvashi Hayre,53,Hosur,Premium,1,2025-09-18,uhans@example.com,7063606071
CUST0048,Aarini Hayer,38,Medininagar,Standard,3,2023-09-19,janani45@example.net,+914544091031
CUST0049,Udyati Raju,48,Chinsurah,Premium,3,2023-09-19,fdeo@example.org,+914293557591
CUST0050,Manya Dutta,58,Vellore,Standard,10,2016-09-20,bandivasatika@example.net,5261149131
CUST0051,Wishi Sekhon,66,Muzaffarpur,High-Value,3,2023-09-19,omajasharma@example.net,3814449454
CUST0052,Rushil Sarna,63,Gaya,Premium,10,2016-09-20,warinderdube@example.com,3516438831
CUST0053,Balhaar Chaudry,51,Fatehpur,High-Value,1,2025-09-18,saumyaprakash@example.org,03103993158
CUST0054,Saumya Lad,57,Aligarh,Standard,11,2015-09-21,teerth05@example.com,+910340930565
CUST0055,Devika Brahmbhatt,47,Patna,Standard,7,2019-09-20,esule@example.com,+916828126464
CUST0056,Omisha Behl,47,Tezpur,Standard,11,2015-09-21,oeshi60@example.com,3663062611
CUST0057,Janya Sharma,35,Bikaner,Standard,2,2024-09-18,behllucky@example.net,01995822542
CUST0058,Ekalinga Chopra,43,Pallavaram,Premium,2,2024-09-18,charvidate@example.org,05096192396
CUST0059,Urvashi Goswami,22,Kalyan-Dombivli,Premium,2,2024-09-18,kvasa@example.com,01233080516
CUST0060,Damini Salvi,28,Ballia,High-Value,9,2017-09-20,pavaniramachandran@example.net,07872009773
CUST0061,Tara Gola,23,Silchar,Standard,10,2016-09-20,bhavsarkabir@example.com,05178800215
CUST0062,Chatura Thaman,61,Bhavnagar,Standard,4,2022-09-19,bhattiimaran@example.org,+917423159425
CUST0063,Tanmayi Dhawan,38,Ambala,High-Value,11,2015-09-21,ljoshi@example.com,8355032624
CUST0064,Krisha Ganguly,45,Raipur,Standard,10,2016-09-20,parsasneha@example.net,9148654659
CUST0065,Jagvi Narayanan,53,Mango,High-Value,2,2024-09-18,patrickbava@example.com,4495003249
CUST0066,Omisha Vala,52,Nashik,Standard,8,2018-09-20,vrindakaran@example.net,0000954185
CUST0067,Odika Mitra,31,Kurnool,Standard,2,2024-09-18,vaishnavi22@example.org,+912711246400
CUST0068,Sachi Vasa,38,Kulti,Standard,6,2020-09-19,aadibasu@example.org,0623201098
CUST0069,Lucky Sachdev,32,Kadapa,Premium,12,2014-09-21,gghosh@example.com,+914078066717
CUST0070,Upkaar Cheema,55,Ahmednagar,Standard,4,2022-09-19,dasguptagautami@example.net,4048684431
CUST0071,Omkaar Lad,56,Panihati,High-Value,12,2014-09-21,etahanda@example.com,09368778006
CUST0072,Darika Kala,41,Bhimavaram,High-Value,9,2017-09-20,gargmaanav@example.org,+911192520002
CUST0073,Ekansh Batra,66,Gudivada,Premium,2,2024-09-18,ryan81@example.net,01333100147
CUST0074,Kevin Chaudhari,45,Durg,High-Value,9,2017-09-20,gayathri64@example.org,04405598749
CUST0075,Nitara Balasubramanian,36,Kadapa,Premium,6,2020-09-19,palanupasna@example.net,+918931942608
CUST0076,Bhavya Bhagat,43,Karnal,Premium,9,2017-09-20,fchandran@example.net,+917958492433
CUST0077,Noah Choudhary,34,Pallavaram,Premium,10,2016-09-20,narainishani@example.org,06160534468
CUST0078,Ladli Kaur,36,Cuttack,Standard,7,2019-09-20,palleta@example.net,+917852774932
CUST0079,Turvi Khanna,44,Shimoga,Premium,8,2018-09-20,mohammed23@example.net,09852353412
CUST0080,Rohan Rajagopalan,39,Siliguri,Standard,1,2025-09-18,chameli64@example.org,+911436700663
CUST0081,Ubika Bains,66,Bardhaman,Premium,4,2022-09-19,vahluwalia@example.org,09963932176
CUST0082,Abha Chaudhari,50,Latur,Premium,6,2020-09-19,qdugar@example.com,07096825067
CUST0083,Balvan Krishnamurthy,44,Nanded,High-Value,12,2014-09-21,zilmilpall@example.org,7837805856
CUST0084,Shivansh Gour,27,Kottayam,Standard,6,2020-09-19,parekhdaksh@example.com,06600166594
CUST0085,Udarsh Mitter,52,Hajipur,Standard,4,2022-09-19,manyashere@example.org,+912137832567
CUST0086,Jeremiah Singh,52,Berhampur,Premium,4,2022-09-19,krisha46@example.net,+917045345776
CUST0087,Janani Dua,22,Kharagpur,Standard,10,2016-09-20,chadaekta@example.org,5900314491
CUST0088,Vivaan Grewal,44,Sri Ganganagar,Premium,11,2015-09-21,sathvikrau@example.net,+919918437381
CUST0089,Jackson Dani,64,Gurgaon,Standard,2,2024-09-18,liamsolanki@example.com,0772737289
CUST0090,Naveen Nagi,67,Phusro,Premium,7,2019-09-20,dminhas@example.com,06125009051
CUST0091,Vedhika Dhawan,33,Kakinada,Standard,8,2018-09-20,vdate@example.org,5578834656
CUST0092,Charles Mann,43,Raichur,Standard,11,2015-09-21,vraval@example.net,08537153542
CUST0093,Banjeet Rastogi,47,Bongaigaon,Standard,12,2014-09-21,rastogicharita@example.org,+910379088969
CUST0094,Fitan Kala,27,Berhampore,Premium,12,2014-09-21,harrisongolla@example.org,01052484426
CUST0095,Eiravati Bahri,30,Buxar,Standard,3,2023-09-19,tankbalveer@example.org,09671069927
CUST0096,Harsh Butala,51,Rajpur Sonarpur,Premium,10,2016-09-20,alexandersane@example.org,+911131270493
CUST0097,Rachit Bedi,61,Ulhasnagar,Premium,3,2023-09-19,memonwishi@example.com,4000009164
CUST0098,Noah Sur,64,Satna,High-Value,8,2018-09-20,reva72@example.org,+915267674954
CUST0099,Darsh Natarajan,57,Saharanpur,Premium,3,2023-09-19,priya36@example.com,6937405446
CUST0100,Brijesh Mani,22,Aurangabad,Premium,1,2025-09-18,anushatata@example.com,1887633490
CUST0101,Udyati Jhaveri,63,Dharmavaram,Standard,12,2014-09-21,rajantripti@example.net,+918513698485
CUST0102,Yashawini Jaggi,30,Rajpur Sonarpur,Standard,12,2014-09-21,georgegolla@example.net,05995682307
CUST0103,Hitesh Prabhu,35,Jodhpur,Standard,4,2022-09-19,diyabalasubramanian@example.com,08901039799
CUST0104,Advika Mammen,40,Jalandhar,Premium,4,2022-09-19,qdeep@example.org,03261000857
CUST0105,Devansh Ranganathan,42,Mysore,Standard,10,2016-09-20,eiravati93@example.net,+918627253320
CUST0106,Indira Bhargava,30,Nashik,Standard,7,2019-09-20,yochana70@example.org,+915034997175
CUST0107,Aarini Ramakrishnan,44,Dindigul,High-Value,12,2014-09-21,kraghavan@example.com,+912073023195
CUST0108,Sanya Chatterjee,59,Lucknow,Premium,11,2015-09-21,sethiharinakshi@example.com,+917152530278
CUST0109,Reva Dixit,48,Gurgaon,Premium,9,2017-09-20,jkoshy@example.org,09452471577
CUST0110,Mitesh Varghese,30,Rajpur Sonarpur,Premium,9,2017-09-20,hmangat@example.com,+915643316462
CUST0111,Chaaya Dhawan,54,Mango,Standard,9,2017-09-20,yasti27@example.org,4256063492
CUST0112,Pranit Vig,33,Akola,Premium,8,2018-09-20,fariqchahal@example.net,7423293943
CUST0113,Dominic Venkatesh,33,Pimpri-Chinchwad,Standard,3,2023-09-19,gautami47@example.org,+916724329502
CUST0114,Aayush Parekh,68,Hazaribagh,Standard,10,2016-09-20,daraishanvi@example.net,+915690417780
CUST0115,Ansh Kohli,42,Rajahmundry,Premium,1,2025-09-18,oliverchauhan@example.com,08001340997
CUST0116,Sachi Chauhan,57,Bareilly,Standard,9,2017-09-20,chakradevmahajan@example.org,07984111628
CUST0117,Utkarsh Din,57,Sikar,Standard,2,2024-09-18,andrewramachandran@example.net,09980605563
CUST0118,Rajata Nagi,39,Kishanganj,Standard,4,2022-09-19,nairzansi@example.org,5360518215
CUST0119,Sai Thaman,54,Kamarhati,Standard,2,2024-09-18,osharanganathan@example.com,0009494809
CUST0120,Zashil Dara,26,Raebareli,Standard,1,2025-09-18,balveermani@example.org,05210984179
