customer_id,is_at_risk,risk_score_internal
CUST0001,True,5
CUST0002,False,0
CUST0003,False,0
CUST0004,False,0
CUST0005,False,1
CUST0006,False,0
CUST0007,False,0
CUST0008,True,2
CUST0009,False,1
CUST0010,True,4
CUST0011,False,1
CUST0012,False,0
CUST0013,False,0
CUST0014,False,0
CUST0015,False,0
CUST0016,False,1
CUST0017,False,1
CUST0018,True,3
CUST0019,False,0
CUST0020,False,0
CUST0021,False,0
CUST0022,True,2
CUST0023,False,0
CUST0024,True,2
CUST0025,False,0
CUST0026,False,0
CUST0027,False,0
CUST0028,False,0
CUST0029,False,0
CUST0030,False,0
CUST0031,True,2
CUST0032,False,0
CUST0033,True,3
CUST0034,True,2
CUST0035,True,2
CUST0036,True,2
CUST0037,False,1
CUST0038,False,0
CUST0039,False,0
CUST0040,False,1
CUST0041,False,0
CUST0042,True,2
CUST0043,False,0
CUST0044,True,3
CUST0045,False,0
CUST0046,False,0
CUST0047,False,0
CUST0048,True,2
CUST0049,False,0
CUST0050,False,0
CUST0051,False,0
CUST0052,False,0
CUST0053,False,0
CUST0054,False,0
CUST0055,False,0
CUST0056,False,0
CUST0057,True,2
CUST0058,False,0
CUST0059,False,0
CUST0060,False,0
CUST0061,False,0
CUST0062,True,3
CUST0063,False,0
CUST0064,True,2
CUST0065,False,1
CUST0066,False,0
CUST0067,False,0
CUST0068,False,0
CUST0069,False,0
CUST0070,False,0
CUST0071,False,1
CUST0072,True,2
CUST0073,False,0
CUST0074,False,0
CUST0075,True,2
CUST0076,True,2
CUST0077,False,0
CUST0078,False,0
CUST0079,False,0
CUST0080,False,0
CUST0081,False,0
CUST0082,False,0
CUST0083,False,0
CUST0084,False,0
CUST0085,False,0
CUST0086,False,0
CUST0087,False,0
CUST0088,False,0
CUST0089,False,0
CUST0090,False,0
CUST0091,True,2
CUST0092,False,0
CUST0093,False,0
CUST0094,True,4
CUST0095,True,2
CUST0096,False,0
CUST0097,False,0
CUST0098,True,2
CUST0099,True,4
CUST0100,True,2
CUST0101,False,0
CUST0102,True,3
CUST0103,False,0
CUST0104,False,0
CUST0105,False,0
CUST0106,False,0
CUST0107,False,0
CUST0108,False,1
CUST0109,True,2
CUST0110,False,1
CUST0111,False,1
CUST0112,False,1
CUST0113,False,0
CUST0114,False,1
CUST0115,True,2
CUST0116,False,1
CUST0117,False,0
CUST0118,False,1
CUST0119,False,1
CUST0120,True,2
