policy_id,customer_id,policy_type,annual_premium_inr,status,renewal_date
POL00001,CUST0001,Home,24822,Lapsed,2027-06-04
POL00002,CUST0001,Life,49289,Renewal Due,2026-07-27
POL00003,CUST0002,Home,22856,Active,2026-09-04
POL00004,CUST0002,Health,33937,Active,2026-05-06
POL00005,CUST0003,Home,18293,Active,2026-04-07
POL00006,CUST0003,Life,46933,Renewal Due,2026-08-18
POL00007,CUST0003,Health,28895,Active,2027-03-08
POL00008,CUST0004,Life,38983,Active,2027-04-15
POL00009,CUST0005,Auto,20594,Active,2026-03-07
POL00010,CUST0006,Home,12754,Active,2026-07-05
POL00011,CUST0007,Home,37839,Active,2027-07-04
POL00012,CUST0008,Health,34551,Active,2026-03-16
POL00013,CUST0008,Life,56578,Lapsed,2026-03-27
POL00014,CUST0008,Home,12183,Active,2026-12-14
POL00015,CUST0009,Health,15586,Renewal Due,2026-09-26
POL00016,CUST0009,Home,15935,Active,2027-06-28
POL00017,CUST0009,Auto,14745,Active,2026-10-05
POL00018,CUST0010,Auto,16206,Lapsed,2027-07-19
POL00019,CUST0011,Health,26161,Active,2027-07-14
POL00020,CUST0011,Auto,20880,Active,2026-08-24
POL00021,CUST0011,Home,16508,Active,2026-12-22
POL00022,CUST0012,Home,24114,Active,2027-01-26
POL00023,CUST0012,Auto,24578,Active,2026-10-28
POL00024,CUST0012,Life,27147,Active,2026-01-04
POL00025,CUST0013,Life,17257,Active,2026-07-07
POL00026,CUST0014,Health,28474,Active,2026-09-12
POL00027,CUST0015,Auto,16656,Active,2026-02-12
POL00028,CUST0015,Health,21969,Active,2026-03-28
POL00029,CUST0016,Home,35044,Active,2026-05-29
POL00030,CUST0016,Life,48618,Active,2027-06-02
POL00031,CUST0017,Auto,15534,Active,2027-01-05
POL00032,CUST0018,Health,34304,Active,2026-09-28
POL00033,CUST0018,Home,24973,Renewal Due,2026-04-05
POL00034,CUST0018,Auto,10164,Lapsed,2026-09-29
POL00035,CUST0019,Home,34242,Active,2027-01-27
POL00036,CUST0020,Life,56470,Active,2027-09-07
POL00037,CUST0021,Life,52208,Active,2026-03-04
POL00038,CUST0022,Auto,15133,Lapsed,2026-10-20
POL00039,CUST0023,Health,18529,Active,2026-03-29
POL00040,CUST0024,Auto,10505,Renewal Due,2027-02-01
POL00041,CUST0024,Home,16904,Active,2027-06-21
POL00042,CUST0024,Life,23690,Renewal Due,2027-06-05
POL00043,CUST0025,Auto,19966,Active,2026-06-12
POL00044,CUST0026,Health,16610,Active,2027-01-21
POL00045,CUST0027,Life,37169,Active,2026-07-20
POL00046,CUST0028,Life,40749,Renewal Due,2027-08-27
POL00047,CUST0028,Home,21819,Renewal Due,2026-10-15
POL00048,CUST0029,Life,32414,Active,2026-07-14
POL00049,CUST0030,Health,29997,Active,2026-03-24
POL00050,CUST0030,Auto,9621,Active,2026-05-22
POL00051,CUST0031,Life,51051,Active,2027-03-01
POL00052,CUST0031,Home,19232,Lapsed,2026-09-24
POL00053,CUST0032,Home,25832,Active,2026-06-21
POL00054,CUST0033,Auto,24403,Active,2026-12-07
POL00055,CUST0033,Health,29949,Active,2026-04-03
POL00056,CUST0034,Auto,18462,Lapsed,2026-07-26
POL00057,CUST0035,Health,23082,Lapsed,2027-05-26
POL00058,CUST0035,Home,28818,Active,2027-06-26
POL00059,CUST0035,Life,32761,Active,2027-04-02
POL00060,CUST0036,Life,17113,Lapsed,2027-04-30
POL00061,CUST0037,Health,27340,Renewal Due,2026-09-12
POL00062,CUST0037,Auto,11573,Active,2026-04-22
POL00063,CUST0037,Life,51143,Active,2026-05-09
POL00064,CUST0038,Auto,17954,Active,2027-03-24
POL00065,CUST0039,Auto,10305,Active,2026-09-25
POL00066,CUST0039,Health,12037,Active,2026-11-05
POL00067,CUST0040,Life,30385,Active,2027-02-26
POL00068,CUST0040,Home,11812,Active,2027-03-07
POL00069,CUST0040,Auto,10657,Active,2027-01-15
POL00070,CUST0041,Auto,19077,Active,2026-07-22
POL00071,CUST0042,Life,28449,Renewal Due,2026-11-16
POL00072,CUST0043,Home,17256,Active,2027-05-23
POL00073,CUST0043,Auto,14137,Active,2026-02-27
POL00074,CUST0044,Home,10774,Active,2026-03-03
POL00075,CUST0044,Health,22295,Lapsed,2026-03-23
POL00076,CUST0044,Auto,13427,Active,2027-06-22
POL00077,CUST0045,Auto,20406,Active,2026-04-22
POL00078,CUST0045,Home,12563,Active,2026-05-07
POL00079,CUST0046,Home,35189,Active,2027-04-30
POL00080,CUST0046,Health,26625,Active,2027-01-08
POL00081,CUST0047,Health,25263,Active,2026-02-05
POL00082,CUST0047,Auto,23206,Active,2026-03-06
POL00083,CUST0048,Life,17856,Lapsed,2026-11-21
POL00084,CUST0048,Home,19745,Renewal Due,2026-03-08
POL00085,CUST0048,Health,15514,Active,2027-04-22
POL00086,CUST0049,Health,17994,Active,2026-11-07
POL00087,CUST0049,Home,29898,Renewal Due,2027-04-17
POL00088,CUST0049,Life,54040,Active,2027-02-06
POL00089,CUST0050,Home,31284,Active,2026-11-30
POL00090,CUST0050,Health,14364,Active,2026-03-28
POL00091,CUST0051,Health,17675,Active,2027-03-03
POL00092,CUST0052,Home,35550,Active,2026-10-02
POL00093,CUST0053,Life,31215,Active,2026-06-07
POL00094,CUST0054,Home,12123,Renewal Due,2027-06-04
POL00095,CUST0055,Auto,23201,Active,2026-08-25
POL00096,CUST0055,Life,39502,Renewal Due,2026-08-27
POL00097,CUST0056,Home,12461,Renewal Due,2027-04-05
POL00098,CUST0057,Auto,19458,Active,2026-02-15
POL00099,CUST0057,Health,31641,Lapsed,2026-07-28
POL00100,CUST0058,Life,55698,Active,2026-02-02
POL00101,CUST0058,Home,27958,Active,2027-02-09
POL00102,CUST0059,Home,31399,Active,2027-02-24
POL00103,CUST0059,Life,35158,Renewal Due,2026-11-16
POL00104,CUST0060,Life,38840,Active,2027-02-19
POL00105,CUST0060,Home,10192,Active,2026-04-03
POL00106,CUST0061,Life,25652,Active,2027-07-19
POL00107,CUST0062,Health,24151,Lapsed,2026-06-25
POL00108,CUST0063,Life,26258,Active,2027-05-18
POL00109,CUST0064,Home,37436,Active,2027-09-15
POL00110,CUST0064,Health,34551,Renewal Due,2026-06-14
POL00111,CUST0065,Home,30143,Active,2026-08-12
POL00112,CUST0065,Life,48940,Active,2026-05-07
POL00113,CUST0066,Home,38962,Active,2026-11-28
POL00114,CUST0067,Health,22099,Active,2027-03-12
POL00115,CUST0068,Life,43727,Active,2027-05-17
POL00116,CUST0069,Health,27506,Active,2026-03-10
POL00117,CUST0070,Health,28526,Active,2026-02-11
POL00118,CUST0071,Home,34034,Active,2027-06-01
POL00119,CUST0072,Home,16347,Active,2026-06-19
POL00120,CUST0072,Auto,15245,Lapsed,2026-06-12
POL00121,CUST0072,Life,55208,Renewal Due,2027-04-13
POL00122,CUST0073,Health,32180,Active,2026-11-23
POL00123,CUST0074,Home,23220,Renewal Due,2026-12-02
POL00124,CUST0075,Home,30850,Active,2027-08-17
POL00125,CUST0075,Health,32636,Renewal Due,2027-01-16
POL00126,CUST0075,Auto,16675,Active,2026-12-05
POL00127,CUST0076,Health,21711,Lapsed,2026-09-17
POL00128,CUST0076,Auto,18160,Renewal Due,2026-01-02
POL00129,CUST0077,Home,30186,Active,2027-01-08
POL00130,CUST0077,Auto,9565,Active,2026-02-16
POL00131,CUST0078,Auto,19631,Active,2026-08-18
POL00132,CUST0079,Life,39001,Renewal Due,2026-06-12
POL00133,CUST0080,Home,24773,Active,2026-10-04
POL00134,CUST0081,Life,57267,Renewal Due,2027-09-01
POL00135,CUST0082,Health,20142,Active,2026-01-01
POL00136,CUST0082,Life,49834,Active,2026-09-01
POL00137,CUST0083,Auto,8404,Renewal Due,2026-05-26
POL00138,CUST0084,Health,14089,Active,2026-02-19
POL00139,CUST0085,Health,27245,Active,2027-04-09
POL00140,CUST0085,Life,21899,Active,2026-02-09
POL00141,CUST0085,Auto,12039,Active,2027-07-22
POL00142,CUST0086,Life,48254,Active,2026-08-30
POL00143,CUST0086,Home,15216,Renewal Due,2026-12-03
POL00144,CUST0087,Health,34859,Active,2026-01-28
POL00145,CUST0087,Life,30324,Renewal Due,2026-08-06
POL00146,CUST0088,Auto,13621,Active,2026-06-15
POL00147,CUST0089,Home,11011,Active,2026-02-13
POL00148,CUST0090,Auto,19908,Active,2027-01-29
POL00149,CUST0090,Health,18657,Active,2026-02-05
POL00150,CUST0091,Auto,23634,Lapsed,2026-07-29
POL00151,CUST0091,Life,37053,Active,2026-12-26
POL00152,CUST0091,Home,19260,Renewal Due,2027-09-09
POL00153,CUST0092,Life,42061,Active,2026-04-11
POL00154,CUST0092,Health,29625,Active,2026-04-04
POL00155,CUST0093,Life,49311,Active,2026-02-25
POL00156,CUST0093,Auto,8142,Active,2026-07-08
POL00157,CUST0094,Life,29071,Active,2026-06-19
POL00158,CUST0094,Health,28065,Lapsed,2027-07-29
POL00159,CUST0094,Home,30576,Active,2027-02-09
POL00160,CUST0095,Auto,20188,Active,2027-07-13
POL00161,CUST0095,Home,15606,Active,2027-04-17
POL00162,CUST0095,Health,34584,Lapsed,2026-02-04
POL00163,CUST0096,Life,44511,Active,2026-11-28
POL00164,CUST0097,Health,16130,Active,2026-09-01
POL00165,CUST0098,Life,25222,Lapsed,2027-09-10
POL00166,CUST0098,Home,15273,Renewal Due,2026-09-22
POL00167,CUST0099,Auto,14403,Lapsed,2026-11-01
POL00168,CUST0099,Health,15580,Active,2026-04-20
POL00169,CUST0099,Life,40450,Active,2027-02-13
POL00170,CUST0100,Health,27180,Active,2026-09-21
POL00171,CUST0100,Life,30878,Lapsed,2027-08-25
POL00172,CUST0100,Auto,21800,Lapsed,2027-08-21
POL00173,CUST0101,Home,24173,Active,2026-04-11
POL00174,CUST0101,Life,41223,Active,2027-03-10
POL00175,CUST0101,Auto,23818,Renewal Due,2027-06-15
POL00176,CUST0102,Home,35499,Renewal Due,2026-04-19
POL00177,CUST0102,Life,50609,Active,2026-07-24
POL00178,CUST0103,Auto,22967,Active,2027-01-14
POL00179,CUST0103,Life,44944,Renewal Due,2026-07-08
POL00180,CUST0104,Auto,19648,Active,2027-02-14
POL00181,CUST0105,Auto,21716,Active,2026-12-27
POL00182,CUST0106,Auto,17944,Renewal Due,2027-02-06
POL00183,CUST0106,Health,16236,Renewal Due,2026-03-12
POL00184,CUST0107,Home,36694,Active,2027-02-28
POL00185,CUST0107,Health,33286,Active,2027-04-26
POL00186,CUST0108,Home,33075,Active,2027-03-13
POL00187,CUST0109,Health,33443,Active,2027-05-07
POL00188,CUST0109,Auto,23889,Active,2027-01-07
POL00189,CUST0110,Life,20588,Renewal Due,2026-05-24
POL00190,CUST0111,Life,15752,Renewal Due,2026-10-28
POL00191,CUST0111,Health,30955,Active,2026-08-28
POL00192,CUST0112,Health,18833,Renewal Due,2027-07-02
POL00193,CUST0113,Auto,17733,Active,2026-03-22
POL00194,CUST0114,Health,20666,Active,2026-05-23
POL00195,CUST0114,Life,51516,Active,2026-05-28
POL00196,CUST0115,Home,27679,Active,2026-11-25
POL00197,CUST0115,Health,28305,Active,2027-04-22
POL00198,CUST0116,Health,23808,Active,2026-01-30
POL00199,CUST0117,Auto,18828,Active,2026-05-28
POL00200,CUST0118,Health,33594,Active,2027-05-01
POL00201,CUST0119,Home,21205,Active,2026-10-24
POL00202,CUST0119,Health,25229,Active,2026-10-06
POL00203,CUST0120,Life,27603,Lapsed,2026-05-11
POL00204,CUST0120,Auto,10869,Lapsed,2027-02-20
POL00205,CUST0120,Home,23057,Active,2026-07-14
